id;gruppe;art;dateiname;dauer_sekunden;prioritaet;wann_im_spiel;prompt_en
ui_tap;Oberfläche;sfx;public/audio/sfx/ui_tap.mp3;0.2;1;Jeder Tipp auf einen Knopf;short soft wooden click, small button press, clean game sound effect, close microphone, no music, no speech, no background noise, no reverb tail
ui_open;Oberfläche;sfx;public/audio/sfx/ui_open.mp3;0.5;1;Fenster oder Menü öffnet sich;soft parchment scroll unrolling with a light wooden knock, clean game sound effect, close microphone, no music, no speech, no background noise, no reverb tail
ui_close;Oberfläche;sfx;public/audio/sfx/ui_close.mp3;0.4;1;Fenster schließt sich;soft parchment rolling up quickly, quiet, clean game sound effect, close microphone, no music, no speech, no background noise, no reverb tail
ui_confirm;Oberfläche;sfx;public/audio/sfx/ui_confirm.mp3;0.5;1;Bauen bestätigt, Speichern erfolgreich;short positive two-note wooden marimba chime, rising, clean game sound effect, close microphone, no music, no speech, no background noise, no reverb tail
ui_denied;Oberfläche;sfx;public/audio/sfx/ui_denied.mp3;0.4;1;Aktion nicht möglich (rotes Gebäude, zu wenig Geld);short dull low wooden thud with a muted descending tone, gentle, not harsh, clean game sound effect, close microphone, no music, no speech, no background noise, no reverb tail
ui_speed;Oberfläche;sfx;public/audio/sfx/ui_speed.mp3;0.3;3;Geschwindigkeit geändert;quick soft clockwork tick, clean game sound effect, close microphone, no music, no speech, no background noise, no reverb tail
ui_warning;Oberfläche;sfx;public/audio/sfx/ui_warning.mp3;1.2;1;Warnung: Ware geht aus, Münzen im Minus;two soft warning bell tones, calm but attention-getting, small brass hand bell, clean game sound effect, close microphone, no music, no speech, no background noise, no reverb tail
ui_coin;Oberfläche;sfx;public/audio/sfx/ui_coin.mp3;0.6;2;Einnahme am Marktstand oder beim Handel;a few gold coins dropping into a leather pouch, jingle, clean game sound effect, close microphone, no music, no speech, no background noise, no reverb tail
ui_save;Oberfläche;sfx;public/audio/sfx/ui_save.mp3;0.6;3;Spielstand gespeichert;quill pen scratching once and a soft stamp on paper, clean game sound effect, close microphone, no music, no speech, no background noise, no reverb tail
build_place;Bauen;sfx;public/audio/sfx/build_place.mp3;1.2;1;Gebäude wird gebaut;wooden building frame being raised: hammer on nails, a plank dropped, short and satisfying, clean game sound effect, close microphone, no music, no speech, no background noise, no reverb tail
build_road;Bauen;sfx;public/audio/sfx/build_road.mp3;0.35;1;Pro Straßenstück beim Ziehen;single stone paving step: a cobblestone set into gravel, short, clean game sound effect, close microphone, no music, no speech, no background noise, no reverb tail
build_demolish;Bauen;sfx;public/audio/sfx/build_demolish.mp3;1.4;1;Abriss;wooden hut collapsing: timber cracking and falling, dust and small debris, clean game sound effect, close microphone, no music, no speech, no background noise, no reverb tail
build_rotate;Bauen;sfx;public/audio/sfx/build_rotate.mp3;0.3;3;Gebäude drehen;short wooden swivel creak, clean game sound effect, close microphone, no music, no speech, no background noise, no reverb tail
build_clear_trees;Bauen;sfx;public/audio/sfx/build_clear_trees.mp3;0.9;3;Wald wird für Straße oder Gebäude gerodet;a few quick axe chops and a small tree falling with rustling leaves, clean game sound effect, close microphone, no music, no speech, no background noise, no reverb tail
build_ruin;Bauen;sfx;public/audio/sfx/build_ruin.mp3;2.0;1;Aristokratenhaus wird zur Ruine;stone house collapsing: rumble, falling bricks, a beam breaking, final dust settling, dramatic but short, clean game sound effect, close microphone, no music, no speech, no background noise, no reverb tail
pop_tier_up;Bevölkerung;sfx;public/audio/sfx/pop_tier_up.mp3;1.8;1;Haus steigt eine Stufe auf;cheerful short fanfare on two natural trumpets and a lute strum, achievement feeling, clean game sound effect, close microphone, no music, no speech, no background noise, no reverb tail
pop_tier_down;Bevölkerung;sfx;public/audio/sfx/pop_tier_down.mp3;1.4;2;Haus fällt eine Stufe zurück;sad short descending two-note lute pluck, gentle, clean game sound effect, close microphone, no music, no speech, no background noise, no reverb tail
pop_new_tier_unlocked;Bevölkerung;sfx;public/audio/sfx/pop_new_tier_unlocked.mp3;3.0;2;Neue Bevölkerungsstufe zum ersten Mal erreicht;festive medieval fanfare with horns, bells and a drum roll ending, victorious, clean game sound effect, close microphone, no music, no speech, no background noise, no reverb tail
pop_move_in;Bevölkerung;sfx;public/audio/sfx/pop_move_in.mp3;0.8;3;Neue Bewohner ziehen ein;small group of people cheering softly with a door closing, distant, clean game sound effect, close microphone, no music, no speech, no background noise, no reverb tail
pop_unrest;Bevölkerung;sfx;public/audio/sfx/pop_unrest.mp3;2.0;3;Bewohner in Mangel (Hunger);murmuring crowd, discontented, low voices without words, distant, clean game sound effect, close microphone, no music, no speech, no background noise, no reverb tail
trade_ship_horn;Handel;sfx;public/audio/sfx/trade_ship_horn.mp3;2.0;1;Schiff legt an oder fährt los;old wooden ship horn blast, one deep note, harbour atmosphere, clean game sound effect, close microphone, no music, no speech, no background noise, no reverb tail
trade_anchor;Handel;sfx;public/audio/sfx/trade_anchor.mp3;1.8;2;Schiff ankert;heavy iron anchor chain rattling and a splash into water, clean game sound effect, close microphone, no music, no speech, no background noise, no reverb tail
trade_load;Handel;sfx;public/audio/sfx/trade_load.mp3;1.6;2;Ware wird geladen oder entladen;wooden crates and barrels being loaded onto a ship deck, ropes creaking, clean game sound effect, close microphone, no music, no speech, no background noise, no reverb tail
trade_colony;Handel;sfx;public/audio/sfx/trade_colony.mp3;3.0;1;Kolonie gegründet;triumphant short fanfare with a drum, a flag unfurling and a cannon salute far away, clean game sound effect, close microphone, no music, no speech, no background noise, no reverb tail
trade_ship_built;Handel;sfx;public/audio/sfx/trade_ship_built.mp3;2.0;2;Schiff fertiggestellt;ship launching from a slipway: wooden hull sliding, big splash, a bell, clean game sound effect, close microphone, no music, no speech, no background noise, no reverb tail
trade_deal;Handel;sfx;public/audio/sfx/trade_deal.mp3;0.9;3;Händler kauft oder verkauft;a handshake and a coin purse put on a wooden table, clean game sound effect, close microphone, no music, no speech, no background noise, no reverb tail
amb_sea;Ambiente;loop;public/audio/loops/amb_sea.mp3;12;1;Immer, in Küstennähe lauter;calm sea waves lapping softly on a sandy shore, gentle wind, a few distant seagull calls far apart, seamless loop, steady and unobtrusive, no melody, no speech, no sudden sounds, even volume from start to end
amb_forest;Ambiente;loop;public/audio/loops/amb_forest.mp3;12;1;Über Waldflächen;quiet forest atmosphere: soft wind in leaves, a few songbirds far apart, a woodpecker once, seamless loop, steady and unobtrusive, no melody, no speech, no sudden sounds, even volume from start to end
amb_meadow;Ambiente;loop;public/audio/loops/amb_meadow.mp3;12;2;Über Grasflächen;summer meadow atmosphere: light breeze in grass, bees and crickets, a distant bird, seamless loop, steady and unobtrusive, no melody, no speech, no sudden sounds, even volume from start to end
amb_mountain;Ambiente;loop;public/audio/loops/amb_mountain.mp3;12;2;Über Bergen;high mountain wind, hollow and airy, an occasional small rockfall far away, seamless loop, steady and unobtrusive, no melody, no speech, no sudden sounds, even volume from start to end
amb_town_small;Ambiente;loop;public/audio/loops/amb_town_small.mp3;12;1;Siedlung bis etwa 100 Einwohner;small medieval village atmosphere: a few distant voices, a hen, a dog barking once, a bucket at a well, seamless loop, steady and unobtrusive, no melody, no speech, no sudden sounds, even volume from start to end
amb_town_medium;Ambiente;loop;public/audio/loops/amb_town_medium.mp3;12;2;Stadt mit mehreren hundert Einwohnern;busy medieval town atmosphere: market chatter without words, cart wheels on cobblestone, hammering in the distance, church bell once far away, seamless loop, steady and unobtrusive, no melody, no speech, no sudden sounds, even volume from start to end
amb_town_large;Ambiente;loop;public/audio/loops/amb_town_large.mp3;12;3;Große Stadt, über 1000 Einwohner;large medieval city atmosphere: dense crowd murmur without words, many carts, hooves, distant bells, harbour sounds, seamless loop, steady and unobtrusive, no melody, no speech, no sudden sounds, even volume from start to end
amb_harbour;Ambiente;loop;public/audio/loops/amb_harbour.mp3;12;2;Am Kontor und an der Werft;harbour atmosphere: wooden ships creaking, ropes, water slapping against a pier, gulls, seamless loop, steady and unobtrusive, no melody, no speech, no sudden sounds, even volume from start to end
amb_ship_sail;Ambiente;loop;public/audio/loops/amb_ship_sail.mp3;10;3;Schiff auf der Weltkarte unterwegs;wooden sailing ship at sea: sails flapping, hull creaking, water rushing along the side, seamless loop, steady and unobtrusive, no melody, no speech, no sudden sounds, even volume from start to end
amb_cold;Ambiente;loop;public/audio/loops/amb_cold.mp3;12;3;Polar- und Tundra-Inseln;cold arctic wind with soft icy gusts, very sparse, no animals, seamless loop, steady and unobtrusive, no melody, no speech, no sudden sounds, even volume from start to end
amb_jungle;Ambiente;loop;public/audio/loops/amb_jungle.mp3;12;3;Dschungel-Inseln;tropical jungle atmosphere: insects, exotic birds far apart, dripping leaves, seamless loop, steady and unobtrusive, no melody, no speech, no sudden sounds, even volume from start to end
work_forester;Betriebe;loop;public/audio/loops/work_forester.mp3;6;2;Forsthaus arbeitet (leise, nur wenn die Kamera nah ist);lumberjack chopping logs with an axe every two seconds, wood chips falling, a saw once, seamless loop, steady and unobtrusive, no melody, no speech, no sudden sounds, even volume from start to end, quiet
work_quarry;Betriebe;loop;public/audio/loops/work_quarry.mp3;6;2;Steinbruch arbeitet (leise, nur wenn die Kamera nah ist);hammer and chisel on stone, steady tapping, small stones rolling, seamless loop, steady and unobtrusive, no melody, no speech, no sudden sounds, even volume from start to end, quiet
work_ore_mine;Betriebe;loop;public/audio/loops/work_ore_mine.mp3;6;3;Erzmine arbeitet (leise, nur wenn die Kamera nah ist);pickaxe on rock in a mine, distant echo, a mine cart rattling once, seamless loop, steady and unobtrusive, no melody, no speech, no sudden sounds, even volume from start to end, quiet
work_salt_mine;Betriebe;loop;public/audio/loops/work_salt_mine.mp3;6;3;Salzmine arbeitet (leise, nur wenn die Kamera nah ist);scraping and shovelling of crystals, light rattling, echo, seamless loop, steady and unobtrusive, no melody, no speech, no sudden sounds, even volume from start to end, quiet
work_gold_mine;Betriebe;loop;public/audio/loops/work_gold_mine.mp3;6;3;Goldmine arbeitet (leise, nur wenn die Kamera nah ist);pickaxe on rock in a mine with a faint metallic ring, echo, seamless loop, steady and unobtrusive, no melody, no speech, no sudden sounds, even volume from start to end, quiet
work_gem_mine;Betriebe;loop;public/audio/loops/work_gem_mine.mp3;6;3;Edelsteinmine arbeitet (leise, nur wenn die Kamera nah ist);small pickaxe taps on crystalline rock with a faint glassy ring, echo, seamless loop, steady and unobtrusive, no melody, no speech, no sudden sounds, even volume from start to end, quiet
work_weaver;Betriebe;loop;public/audio/loops/work_weaver.mp3;6;3;Weberei arbeitet (leise, nur wenn die Kamera nah ist);wooden loom: shuttle clacking back and forth with a soft rhythm, seamless loop, steady and unobtrusive, no melody, no speech, no sudden sounds, even volume from start to end, quiet
work_sheep_farm;Betriebe;loop;public/audio/loops/work_sheep_farm.mp3;6;3;Schaffarm arbeitet (leise, nur wenn die Kamera nah ist);a few sheep bleating softly, a bell, grass rustling, seamless loop, steady and unobtrusive, no melody, no speech, no sudden sounds, even volume from start to end, quiet
work_cattle_farm;Betriebe;loop;public/audio/loops/work_cattle_farm.mp3;6;3;Rinderfarm arbeitet (leise, nur wenn die Kamera nah ist);a cow mooing once, cattle chewing, a fence creaking, a bell, seamless loop, steady and unobtrusive, no melody, no speech, no sudden sounds, even volume from start to end, quiet
work_fishery;Betriebe;loop;public/audio/loops/work_fishery.mp3;6;3;Fischerei arbeitet (leise, nur wenn die Kamera nah ist);water lapping at a small boat, nets being pulled, gulls, seamless loop, steady and unobtrusive, no melody, no speech, no sudden sounds, even volume from start to end, quiet
work_grain_farm;Betriebe;loop;public/audio/loops/work_grain_farm.mp3;6;3;Getreidefarm arbeitet (leise, nur wenn die Kamera nah ist);wind in a wheat field, scythe swishing, a rooster in the distance, seamless loop, steady and unobtrusive, no melody, no speech, no sudden sounds, even volume from start to end, quiet
work_mill;Betriebe;loop;public/audio/loops/work_mill.mp3;6;2;Mühle arbeitet (leise, nur wenn die Kamera nah ist);windmill turning: wooden gears creaking, sails swishing, grain pouring, seamless loop, steady and unobtrusive, no melody, no speech, no sudden sounds, even volume from start to end, quiet
work_bakery;Betriebe;loop;public/audio/loops/work_bakery.mp3;6;3;Bäckerei arbeitet (leise, nur wenn die Kamera nah ist);dough being kneaded, an oven door, crackling fire, wooden peel on stone, seamless loop, steady and unobtrusive, no melody, no speech, no sudden sounds, even volume from start to end, quiet
work_stonemason;Betriebe;loop;public/audio/loops/work_stonemason.mp3;6;3;Steinmetz arbeitet (leise, nur wenn die Kamera nah ist);chisel tapping on stone, stone dust, a mallet, seamless loop, steady and unobtrusive, no melody, no speech, no sudden sounds, even volume from start to end, quiet
work_smelter;Betriebe;loop;public/audio/loops/work_smelter.mp3;6;2;Erzschmelze arbeitet (leise, nur wenn die Kamera nah ist);furnace roaring, bellows breathing, hot metal crackling, seamless loop, steady and unobtrusive, no melody, no speech, no sudden sounds, even volume from start to end, quiet
work_toolmaker;Betriebe;loop;public/audio/loops/work_toolmaker.mp3;6;2;Werkzeugmacher arbeitet (leise, nur wenn die Kamera nah ist);blacksmith hammer on an anvil, steady rhythm, quenching hiss once, seamless loop, steady and unobtrusive, no melody, no speech, no sudden sounds, even volume from start to end, quiet
work_distillery;Betriebe;loop;public/audio/loops/work_distillery.mp3;6;3;Rumbrennerei arbeitet (leise, nur wenn die Kamera nah ist);bubbling copper kettle, dripping liquid, wooden barrel knocked, seamless loop, steady and unobtrusive, no melody, no speech, no sudden sounds, even volume from start to end, quiet
work_tannery;Betriebe;loop;public/audio/loops/work_tannery.mp3;6;3;Gerberei arbeitet (leise, nur wenn die Kamera nah ist);wet leather being scraped and slapped, splashing in a vat, seamless loop, steady and unobtrusive, no melody, no speech, no sudden sounds, even volume from start to end, quiet
work_tobacco_factory;Betriebe;loop;public/audio/loops/work_tobacco_factory.mp3;6;3;Tabakmanufaktur arbeitet (leise, nur wenn die Kamera nah ist);leaves being rolled and pressed, light rustling, a wooden press, seamless loop, steady and unobtrusive, no melody, no speech, no sudden sounds, even volume from start to end, quiet
work_dyer;Betriebe;loop;public/audio/loops/work_dyer.mp3;6;3;Färberei arbeitet (leise, nur wenn die Kamera nah ist);stirring a big dye vat with a wooden paddle, bubbling and splashing, seamless loop, steady and unobtrusive, no melody, no speech, no sudden sounds, even volume from start to end, quiet
work_oil_boiler;Betriebe;loop;public/audio/loops/work_oil_boiler.mp3;6;3;Trankocherei arbeitet (leise, nur wenn die Kamera nah ist);large cauldron boiling thickly, bubbling, a ladle, seamless loop, steady and unobtrusive, no melody, no speech, no sudden sounds, even volume from start to end, quiet
work_vineyard;Betriebe;loop;public/audio/loops/work_vineyard.mp3;6;3;Weinberg arbeitet (leise, nur wenn die Kamera nah ist);wind in vine leaves, a wooden press creaking, juice dripping into a barrel, seamless loop, steady and unobtrusive, no melody, no speech, no sudden sounds, even volume from start to end, quiet
work_goldsmith;Betriebe;loop;public/audio/loops/work_goldsmith.mp3;6;3;Goldschmied arbeitet (leise, nur wenn die Kamera nah ist);tiny hammer tapping on metal, a small bellows, delicate ringing, seamless loop, steady and unobtrusive, no melody, no speech, no sudden sounds, even volume from start to end, quiet
work_brewery;Betriebe;loop;public/audio/loops/work_brewery.mp3;6;3;Brauerei arbeitet (leise, nur wenn die Kamera nah ist);large wooden mash paddle stirring a bubbling copper kettle, barrels rolled, dripping liquid, seamless loop, steady and unobtrusive, no melody, no speech, no sudden sounds, even volume from start to end, quiet
work_saltworks;Betriebe;loop;public/audio/loops/work_saltworks.mp3;6;3;Saline arbeitet (leise, nur wenn die Kamera nah ist);salt brine boiling gently in pans, crackling fire under it, wooden rake on crystals, seamless loop, steady and unobtrusive, no melody, no speech, no sudden sounds, even volume from start to end, quiet
work_butcher;Betriebe;loop;public/audio/loops/work_butcher.mp3;6;3;Fleischerei arbeitet (leise, nur wenn die Kamera nah ist);heavy cleaver chopping on a wooden block, meat slapped on a table, a hook creaking, seamless loop, steady and unobtrusive, no melody, no speech, no sudden sounds, even volume from start to end, quiet
work_hunting_lodge;Betriebe;loop;public/audio/loops/work_hunting_lodge.mp3;6;3;Jagdhütte arbeitet (leise, nur wenn die Kamera nah ist);forest hut: leather being scraped, a wooden door, distant bird calls and rustling leaves, seamless loop, steady and unobtrusive, no melody, no speech, no sudden sounds, even volume from start to end, quiet
work_marble_quarry;Betriebe;loop;public/audio/loops/work_marble_quarry.mp3;6;3;Marmorsteinbruch arbeitet (leise, nur wenn die Kamera nah ist);stone saw grinding through marble, hammer taps on stone, echoing rock, seamless loop, steady and unobtrusive, no melody, no speech, no sudden sounds, even volume from start to end, quiet
work_marble_mason;Betriebe;loop;public/audio/loops/work_marble_mason.mp3;6;3;Marmorsteinmetz arbeitet (leise, nur wenn die Kamera nah ist);fine chisel tapping on marble, light stone dust sweeping, a polishing cloth, seamless loop, steady and unobtrusive, no melody, no speech, no sudden sounds, even volume from start to end, quiet
work_market_house;Betriebe;loop;public/audio/loops/work_market_house.mp3;6;3;Markthaus arbeitet (leise, nur wenn die Kamera nah ist);light market chatter without words, coins, crates being set down, seamless loop, steady and unobtrusive, no melody, no speech, no sudden sounds, even volume from start to end, quiet
work_shipyard;Betriebe;loop;public/audio/loops/work_shipyard.mp3;6;3;Werft arbeitet (leise, nur wenn die Kamera nah ist);hammering and sawing on a large wooden ship hull, rope creaking, seamless loop, steady and unobtrusive, no melody, no speech, no sudden sounds, even volume from start to end, quiet
work_chapel_bell;Betriebe;sfx;public/audio/sfx/work_chapel_bell.mp3;4.0;2;Kapelle läutet zu jeder vollen Spielminute;single church bell tolling 3 times, warm, distant, clean game sound effect, close microphone, no music, no speech, no background noise, no reverb tail
work_tavern;Betriebe;loop;public/audio/loops/work_tavern.mp3;8;3;Wirtshaus in der Nähe;inside a medieval tavern: low laughter and murmur without words, tankards clinking, a lute playing a few quiet notes, seamless loop, steady and unobtrusive, no melody, no speech, no sudden sounds, even volume from start to end
music_menu;Musik;music;public/audio/music/music_menu.mp3;120;1;Startbildschirm;instrumental video game music, warm and relaxed, acoustic instruments (lute, flute, light strings, soft hand drum, harp), historical European trading town around 1500 mood, gentle and optimistic, no vocals, no electronic drums, loops seamlessly, inviting main menu theme, adventurous with a sense of discovery, slow rolling rhythm, 80 bpm
music_build_1;Musik;music;public/audio/music/music_build_1.mp3;150;1;Aufbau am Tag, Titel 1;instrumental video game music, warm and relaxed, acoustic instruments (lute, flute, light strings, soft hand drum, harp), historical European trading town around 1500 mood, gentle and optimistic, no vocals, no electronic drums, loops seamlessly, peaceful town building, light flute melody over fingerpicked lute, 90 bpm
music_build_2;Musik;music;public/audio/music/music_build_2.mp3;150;1;Aufbau, Titel 2;instrumental video game music, warm and relaxed, acoustic instruments (lute, flute, light strings, soft hand drum, harp), historical European trading town around 1500 mood, gentle and optimistic, no vocals, no electronic drums, loops seamlessly, productive and cheerful, soft hand drum with plucked strings, bright, 100 bpm
music_build_3;Musik;music;public/audio/music/music_build_3.mp3;150;2;Aufbau, Titel 3;instrumental video game music, warm and relaxed, acoustic instruments (lute, flute, light strings, soft hand drum, harp), historical European trading town around 1500 mood, gentle and optimistic, no vocals, no electronic drums, loops seamlessly, dreamy and slow, harp arpeggios with a warm string pad, 70 bpm
music_sea;Musik;music;public/audio/music/music_sea.mp3;150;2;Weltkarte, Schiffe unterwegs;instrumental video game music, warm and relaxed, acoustic instruments (lute, flute, light strings, soft hand drum, harp), historical European trading town around 1500 mood, gentle and optimistic, no vocals, no electronic drums, loops seamlessly, open sea voyage, swelling strings and a gentle shanty-like rhythm, a feeling of distance, 85 bpm
music_trouble;Musik;music;public/audio/music/music_trouble.mp3;90;3;Münzen im Minus oder Mangel in der Stadt;instrumental video game music, warm and relaxed, acoustic instruments (lute, flute, light strings, soft hand drum, harp), historical European trading town around 1500 mood, gentle and optimistic, no vocals, no electronic drums, loops seamlessly, tense but quiet, low sustained strings and sparse plucked notes, uneasy, no drums, 70 bpm
music_stinger_win;Musik;sfx;public/audio/sfx/music_stinger_win.mp3;6.0;3;Große Meilenstein-Melodie (zum Beispiel erste Aristokraten);short triumphant orchestral-folk fanfare with horns, strings and a bright finish, clean game sound effect, close microphone, no music, no speech, no background noise, no reverb tail
